{
  "hash": "d6bc56cf",
  "configHash": "4ccddcb6",
  "lockfileHash": "538d15db",
  "browserHash": "4caf9857",
  "optimized": {
    "@angular/cdk/bidi": {
      "src": "../../../../../../node_modules/@angular/cdk/fesm2022/bidi.mjs",
      "file": "@angular_cdk_bidi.js",
      "fileHash": "c2a2c13e",
      "needsInterop": false
    },
    "@angular/cdk/text-field": {
      "src": "../../../../../../node_modules/@angular/cdk/fesm2022/text-field.mjs",
      "file": "@angular_cdk_text-field.js",
      "fileHash": "0a69e396",
      "needsInterop": false
    },
    "@angular/common": {
      "src": "../../../../../../node_modules/@angular/common/fesm2022/common.mjs",
      "file": "@angular_common.js",
      "fileHash": "48bdca6a",
      "needsInterop": false
    },
    "@angular/core": {
      "src": "../../../../../../node_modules/@angular/core/fesm2022/core.mjs",
      "file": "@angular_core.js",
      "fileHash": "10a674f1",
      "needsInterop": false
    },
    "@angular/forms": {
      "src": "../../../../../../node_modules/@angular/forms/fesm2022/forms.mjs",
      "file": "@angular_forms.js",
      "fileHash": "e1b5eff9",
      "needsInterop": false
    },
    "@angular/material/button": {
      "src": "../../../../../../node_modules/@angular/material/fesm2022/button.mjs",
      "file": "@angular_material_button.js",
      "fileHash": "000c5e9f",
      "needsInterop": false
    },
    "@angular/material/form-field": {
      "src": "../../../../../../node_modules/@angular/material/fesm2022/form-field.mjs",
      "file": "@angular_material_form-field.js",
      "fileHash": "50655591",
      "needsInterop": false
    },
    "@angular/material/input": {
      "src": "../../../../../../node_modules/@angular/material/fesm2022/input.mjs",
      "file": "@angular_material_input.js",
      "fileHash": "f1de6caf",
      "needsInterop": false
    },
    "@angular/material/toolbar": {
      "src": "../../../../../../node_modules/@angular/material/fesm2022/toolbar.mjs",
      "file": "@angular_material_toolbar.js",
      "fileHash": "b0c75414",
      "needsInterop": false
    },
    "@angular/platform-browser": {
      "src": "../../../../../../node_modules/@angular/platform-browser/fesm2022/platform-browser.mjs",
      "file": "@angular_platform-browser.js",
      "fileHash": "b115ae69",
      "needsInterop": false
    },
    "@angular/router": {
      "src": "../../../../../../node_modules/@angular/router/fesm2022/router.mjs",
      "file": "@angular_router.js",
      "fileHash": "d55e6c6d",
      "needsInterop": false
    },
    "@ng-bootstrap/ng-bootstrap": {
      "src": "../../../../../../node_modules/@ng-bootstrap/ng-bootstrap/fesm2022/ng-bootstrap.mjs",
      "file": "@ng-bootstrap_ng-bootstrap.js",
      "fileHash": "9083ff3c",
      "needsInterop": false
    }
  },
  "chunks": {
    "chunk-DW5BQLQS": {
      "file": "chunk-DW5BQLQS.js"
    },
    "chunk-BJ26IKCG": {
      "file": "chunk-BJ26IKCG.js"
    },
    "chunk-O27KZNZT": {
      "file": "chunk-O27KZNZT.js"
    },
    "chunk-ZQJTYBKG": {
      "file": "chunk-ZQJTYBKG.js"
    },
    "chunk-AGZFHLKA": {
      "file": "chunk-AGZFHLKA.js"
    },
    "chunk-TPNL4HMR": {
      "file": "chunk-TPNL4HMR.js"
    },
    "chunk-6W2GR6IO": {
      "file": "chunk-6W2GR6IO.js"
    },
    "chunk-IRCLA2JG": {
      "file": "chunk-IRCLA2JG.js"
    },
    "chunk-NJWD2PNU": {
      "file": "chunk-NJWD2PNU.js"
    },
    "chunk-UXMGSES3": {
      "file": "chunk-UXMGSES3.js"
    }
  }
}